{
    "pokemons": [
      {
        "abilities": [
          {
            "ability": {
              "name": "overgrow",
              "url": "https://pokeapi.co/api/v2/ability/65/"
            },
            "is_hidden": false,
            "slot": 1
          },
          {
            "ability": {
              "name": "chlorophyll",
              "url": "https://pokeapi.co/api/v2/ability/34/"
            },
            "is_hidden": true,
            "slot": 3
          }
        ],
        "height": 7,
        "id": 1,
        "name": "bulbasaur",
        "type": [
          {
            "slot": 1,
            "type": {
              "name": "grass",
              "url": "https://pokeapi.co/api/v2/type/12/"
            }
          },
          {
            "slot": 2,
            "type": {
              "name": "poison",
              "url": "https://pokeapi.co/api/v2/type/4/"
            }
          }
        ],
        "weight": 69,
        "image": "https://raw.githubusercontent.com/PokeAPI/sprites/master/sprites/pokemon/1.png"
      },
      {
        "abilities": [
          {
            "ability": {
              "name": "shield-dust",
              "url": "https://pokeapi.co/api/v2/ability/19/"
            },
            "is_hidden": false,
            "slot": 1
          },
          {
            "ability": {
              "name": "run-away",
              "url": "https://pokeapi.co/api/v2/ability/50/"
            },
            "is_hidden": true,
            "slot": 3
          }
        ],
        "height": 3,
        "id": 13,
        "name": "weedle",
        "type": [
          {
            "slot": 1,
            "type": {
              "name": "bug",
              "url": "https://pokeapi.co/api/v2/type/7/"
            }
          },
          {
            "slot": 2,
            "type": {
              "name": "poison",
              "url": "https://pokeapi.co/api/v2/type/4/"
            }
          }
        ],
        "weight": 32,
        "image": "https://raw.githubusercontent.com/PokeAPI/sprites/master/sprites/pokemon/13.png"
      },
      {
        "abilities": [
          {
            "ability": {
              "name": "shed-skin",
              "url": "https://pokeapi.co/api/v2/ability/61/"
            },
            "is_hidden": false,
            "slot": 1
          }
        ],
        "height": 6,
        "id": 14,
        "name": "kakuna",
        "type": [
          {
            "slot": 1,
            "type": {
              "name": "bug",
              "url": "https://pokeapi.co/api/v2/type/7/"
            }
          },
          {
            "slot": 2,
            "type": {
              "name": "poison",
              "url": "https://pokeapi.co/api/v2/type/4/"
            }
          }
        ],
        "weight": 100,
        "image": "https://raw.githubusercontent.com/PokeAPI/sprites/master/sprites/pokemon/14.png"
      },
      {
        "abilities": [
          {
            "ability": {
              "name": "overgrow",
              "url": "https://pokeapi.co/api/v2/ability/65/"
            },
            "is_hidden": false,
            "slot": 1
          },
          {
            "ability": {
              "name": "chlorophyll",
              "url": "https://pokeapi.co/api/v2/ability/34/"
            },
            "is_hidden": true,
            "slot": 3
          }
        ],
        "height": 10,
        "id": 2,
        "name": "ivysaur",
        "type": [
          {
            "slot": 1,
            "type": {
              "name": "grass",
              "url": "https://pokeapi.co/api/v2/type/12/"
            }
          },
          {
            "slot": 2,
            "type": {
              "name": "poison",
              "url": "https://pokeapi.co/api/v2/type/4/"
            }
          }
        ],
        "weight": 130,
        "image": "https://raw.githubusercontent.com/PokeAPI/sprites/master/sprites/pokemon/2.png"
      },
      {
        "abilities": [
          {
            "ability": {
              "name": "swarm",
              "url": "https://pokeapi.co/api/v2/ability/68/"
            },
            "is_hidden": false,
            "slot": 1
          },
          {
            "ability": {
              "name": "sniper",
              "url": "https://pokeapi.co/api/v2/ability/97/"
            },
            "is_hidden": true,
            "slot": 3
          }
        ],
        "height": 10,
        "id": 15,
        "name": "beedrill",
        "type": [
          {
            "slot": 1,
            "type": {
              "name": "bug",
              "url": "https://pokeapi.co/api/v2/type/7/"
            }
          },
          {
            "slot": 2,
            "type": {
              "name": "poison",
              "url": "https://pokeapi.co/api/v2/type/4/"
            }
          }
        ],
        "weight": 295,
        "image": "https://raw.githubusercontent.com/PokeAPI/sprites/master/sprites/pokemon/15.png"
      },
      {
        "abilities": [
          {
            "ability": {
              "name": "overgrow",
              "url": "https://pokeapi.co/api/v2/ability/65/"
            },
            "is_hidden": false,
            "slot": 1
          },
          {
            "ability": {
              "name": "chlorophyll",
              "url": "https://pokeapi.co/api/v2/ability/34/"
            },
            "is_hidden": true,
            "slot": 3
          }
        ],
        "height": 20,
        "id": 3,
        "name": "venusaur",
        "type": [
          {
            "slot": 1,
            "type": {
              "name": "grass",
              "url": "https://pokeapi.co/api/v2/type/12/"
            }
          },
          {
            "slot": 2,
            "type": {
              "name": "poison",
              "url": "https://pokeapi.co/api/v2/type/4/"
            }
          }
        ],
        "weight": 1000,
        "image": "https://raw.githubusercontent.com/PokeAPI/sprites/master/sprites/pokemon/3.png"
      },
      {
        "abilities": [
          {
            "ability": {
              "name": "keen-eye",
              "url": "https://pokeapi.co/api/v2/ability/51/"
            },
            "is_hidden": false,
            "slot": 1
          },
          {
            "ability": {
              "name": "tangled-feet",
              "url": "https://pokeapi.co/api/v2/ability/77/"
            },
            "is_hidden": false,
            "slot": 2
          },
          {
            "ability": {
              "name": "big-pecks",
              "url": "https://pokeapi.co/api/v2/ability/145/"
            },
            "is_hidden": true,
            "slot": 3
          }
        ],
        "height": 15,
        "id": 18,
        "name": "pidgeot",
        "type": [
          {
            "slot": 1,
            "type": {
              "name": "normal",
              "url": "https://pokeapi.co/api/v2/type/1/"
            }
          },
          {
            "slot": 2,
            "type": {
              "name": "flying",
              "url": "https://pokeapi.co/api/v2/type/3/"
            }
          }
        ],
        "weight": 395,
        "image": "https://raw.githubusercontent.com/PokeAPI/sprites/master/sprites/pokemon/18.png"
      },
      {
        "abilities": [
          {
            "ability": {
              "name": "blaze",
              "url": "https://pokeapi.co/api/v2/ability/66/"
            },
            "is_hidden": false,
            "slot": 1
          },
          {
            "ability": {
              "name": "solar-power",
              "url": "https://pokeapi.co/api/v2/ability/94/"
            },
            "is_hidden": true,
            "slot": 3
          }
        ],
        "height": 6,
        "id": 4,
        "name": "charmander",
        "type": [
          {
            "slot": 1,
            "type": {
              "name": "fire",
              "url": "https://pokeapi.co/api/v2/type/10/"
            }
          }
        ],
        "weight": 85,
        "image": "https://raw.githubusercontent.com/PokeAPI/sprites/master/sprites/pokemon/4.png"
      },
      {
        "abilities": [
          {
            "ability": {
              "name": "blaze",
              "url": "https://pokeapi.co/api/v2/ability/66/"
            },
            "is_hidden": false,
            "slot": 1
          },
          {
            "ability": {
              "name": "solar-power",
              "url": "https://pokeapi.co/api/v2/ability/94/"
            },
            "is_hidden": true,
            "slot": 3
          }
        ],
        "height": 11,
        "id": 5,
        "name": "charmeleon",
        "type": [
          {
            "slot": 1,
            "type": {
              "name": "fire",
              "url": "https://pokeapi.co/api/v2/type/10/"
            }
          }
        ],
        "weight": 190,
        "image": "https://raw.githubusercontent.com/PokeAPI/sprites/master/sprites/pokemon/5.png"
      },
      {
        "abilities": [
          {
            "ability": {
              "name": "blaze",
              "url": "https://pokeapi.co/api/v2/ability/66/"
            },
            "is_hidden": false,
            "slot": 1
          },
          {
            "ability": {
              "name": "solar-power",
              "url": "https://pokeapi.co/api/v2/ability/94/"
            },
            "is_hidden": true,
            "slot": 3
          }
        ],
        "height": 17,
        "id": 6,
        "name": "charizard",
        "type": [
          {
            "slot": 1,
            "type": {
              "name": "fire",
              "url": "https://pokeapi.co/api/v2/type/10/"
            }
          },
          {
            "slot": 2,
            "type": {
              "name": "flying",
              "url": "https://pokeapi.co/api/v2/type/3/"
            }
          }
        ],
        "weight": 905,
        "image": "https://raw.githubusercontent.com/PokeAPI/sprites/master/sprites/pokemon/6.png"
      },
      {
        "abilities": [
          {
            "ability": {
              "name": "keen-eye",
              "url": "https://pokeapi.co/api/v2/ability/51/"
            },
            "is_hidden": false,
            "slot": 1
          },
          {
            "ability": {
              "name": "tangled-feet",
              "url": "https://pokeapi.co/api/v2/ability/77/"
            },
            "is_hidden": false,
            "slot": 2
          },
          {
            "ability": {
              "name": "big-pecks",
              "url": "https://pokeapi.co/api/v2/ability/145/"
            },
            "is_hidden": true,
            "slot": 3
          }
        ],
        "height": 11,
        "id": 17,
        "name": "pidgeotto",
        "type": [
          {
            "slot": 1,
            "type": {
              "name": "normal",
              "url": "https://pokeapi.co/api/v2/type/1/"
            }
          },
          {
            "slot": 2,
            "type": {
              "name": "flying",
              "url": "https://pokeapi.co/api/v2/type/3/"
            }
          }
        ],
        "weight": 300,
        "image": "https://raw.githubusercontent.com/PokeAPI/sprites/master/sprites/pokemon/17.png"
      },
      {
        "abilities": [
          {
            "ability": {
              "name": "torrent",
              "url": "https://pokeapi.co/api/v2/ability/67/"
            },
            "is_hidden": false,
            "slot": 1
          },
          {
            "ability": {
              "name": "rain-dish",
              "url": "https://pokeapi.co/api/v2/ability/44/"
            },
            "is_hidden": true,
            "slot": 3
          }
        ],
        "height": 5,
        "id": 7,
        "name": "squirtle",
        "type": [
          {
            "slot": 1,
            "type": {
              "name": "water",
              "url": "https://pokeapi.co/api/v2/type/11/"
            }
          }
        ],
        "weight": 90,
        "image": "https://raw.githubusercontent.com/PokeAPI/sprites/master/sprites/pokemon/7.png"
      },
      {
        "abilities": [
          {
            "ability": {
              "name": "keen-eye",
              "url": "https://pokeapi.co/api/v2/ability/51/"
            },
            "is_hidden": false,
            "slot": 1
          },
          {
            "ability": {
              "name": "tangled-feet",
              "url": "https://pokeapi.co/api/v2/ability/77/"
            },
            "is_hidden": false,
            "slot": 2
          },
          {
            "ability": {
              "name": "big-pecks",
              "url": "https://pokeapi.co/api/v2/ability/145/"
            },
            "is_hidden": true,
            "slot": 3
          }
        ],
        "height": 3,
        "id": 16,
        "name": "pidgey",
        "type": [
          {
            "slot": 1,
            "type": {
              "name": "normal",
              "url": "https://pokeapi.co/api/v2/type/1/"
            }
          },
          {
            "slot": 2,
            "type": {
              "name": "flying",
              "url": "https://pokeapi.co/api/v2/type/3/"
            }
          }
        ],
        "weight": 18,
        "image": "https://raw.githubusercontent.com/PokeAPI/sprites/master/sprites/pokemon/16.png"
      },
      {
        "abilities": [
          {
            "ability": {
              "name": "run-away",
              "url": "https://pokeapi.co/api/v2/ability/50/"
            },
            "is_hidden": false,
            "slot": 1
          },
          {
            "ability": {
              "name": "guts",
              "url": "https://pokeapi.co/api/v2/ability/62/"
            },
            "is_hidden": false,
            "slot": 2
          },
          {
            "ability": {
              "name": "hustle",
              "url": "https://pokeapi.co/api/v2/ability/55/"
            },
            "is_hidden": true,
            "slot": 3
          }
        ],
        "height": 3,
        "id": 19,
        "name": "rattata",
        "type": [
          {
            "slot": 1,
            "type": {
              "name": "normal",
              "url": "https://pokeapi.co/api/v2/type/1/"
            }
          }
        ],
        "weight": 35,
        "image": "https://raw.githubusercontent.com/PokeAPI/sprites/master/sprites/pokemon/19.png"
      },
      {
        "abilities": [
          {
            "ability": {
              "name": "run-away",
              "url": "https://pokeapi.co/api/v2/ability/50/"
            },
            "is_hidden": false,
            "slot": 1
          },
          {
            "ability": {
              "name": "guts",
              "url": "https://pokeapi.co/api/v2/ability/62/"
            },
            "is_hidden": false,
            "slot": 2
          },
          {
            "ability": {
              "name": "hustle",
              "url": "https://pokeapi.co/api/v2/ability/55/"
            },
            "is_hidden": true,
            "slot": 3
          }
        ],
        "height": 7,
        "id": 20,
        "name": "raticate",
        "type": [
          {
            "slot": 1,
            "type": {
              "name": "normal",
              "url": "https://pokeapi.co/api/v2/type/1/"
            }
          }
        ],
        "weight": 185,
        "image": "https://raw.githubusercontent.com/PokeAPI/sprites/master/sprites/pokemon/20.png"
      },
      {
        "abilities": [
          {
            "ability": {
              "name": "torrent",
              "url": "https://pokeapi.co/api/v2/ability/67/"
            },
            "is_hidden": false,
            "slot": 1
          },
          {
            "ability": {
              "name": "rain-dish",
              "url": "https://pokeapi.co/api/v2/ability/44/"
            },
            "is_hidden": true,
            "slot": 3
          }
        ],
        "height": 10,
        "id": 8,
        "name": "wartortle",
        "type": [
          {
            "slot": 1,
            "type": {
              "name": "water",
              "url": "https://pokeapi.co/api/v2/type/11/"
            }
          }
        ],
        "weight": 225,
        "image": "https://raw.githubusercontent.com/PokeAPI/sprites/master/sprites/pokemon/8.png"
      },
      {
        "abilities": [
          {
            "ability": {
              "name": "torrent",
              "url": "https://pokeapi.co/api/v2/ability/67/"
            },
            "is_hidden": false,
            "slot": 1
          },
          {
            "ability": {
              "name": "rain-dish",
              "url": "https://pokeapi.co/api/v2/ability/44/"
            },
            "is_hidden": true,
            "slot": 3
          }
        ],
        "height": 16,
        "id": 9,
        "name": "blastoise",
        "type": [
          {
            "slot": 1,
            "type": {
              "name": "water",
              "url": "https://pokeapi.co/api/v2/type/11/"
            }
          }
        ],
        "weight": 855,
        "image": "https://raw.githubusercontent.com/PokeAPI/sprites/master/sprites/pokemon/9.png"
      },
      {
        "abilities": [
          {
            "ability": {
              "name": "shed-skin",
              "url": "https://pokeapi.co/api/v2/ability/61/"
            },
            "is_hidden": false,
            "slot": 1
          }
        ],
        "height": 7,
        "id": 11,
        "name": "metapod",
        "type": [
          {
            "slot": 1,
            "type": {
              "name": "bug",
              "url": "https://pokeapi.co/api/v2/type/7/"
            }
          }
        ],
        "weight": 99,
        "image": "https://raw.githubusercontent.com/PokeAPI/sprites/master/sprites/pokemon/11.png"
      },
      {
        "abilities": [
          {
            "ability": {
              "name": "shield-dust",
              "url": "https://pokeapi.co/api/v2/ability/19/"
            },
            "is_hidden": false,
            "slot": 1
          },
          {
            "ability": {
              "name": "run-away",
              "url": "https://pokeapi.co/api/v2/ability/50/"
            },
            "is_hidden": true,
            "slot": 3
          }
        ],
        "height": 3,
        "id": 10,
        "name": "caterpie",
        "type": [
          {
            "slot": 1,
            "type": {
              "name": "bug",
              "url": "https://pokeapi.co/api/v2/type/7/"
            }
          }
        ],
        "weight": 29,
        "image": "https://raw.githubusercontent.com/PokeAPI/sprites/master/sprites/pokemon/10.png"
      },
      {
        "abilities": [
          {
            "ability": {
              "name": "compound-eyes",
              "url": "https://pokeapi.co/api/v2/ability/14/"
            },
            "is_hidden": false,
            "slot": 1
          },
          {
            "ability": {
              "name": "tinted-lens",
              "url": "https://pokeapi.co/api/v2/ability/110/"
            },
            "is_hidden": true,
            "slot": 3
          }
        ],
        "height": 11,
        "id": 12,
        "name": "butterfree",
        "type": [
          {
            "slot": 1,
            "type": {
              "name": "bug",
              "url": "https://pokeapi.co/api/v2/type/7/"
            }
          },
          {
            "slot": 2,
            "type": {
              "name": "flying",
              "url": "https://pokeapi.co/api/v2/type/3/"
            }
          }
        ],
        "weight": 320,
        "image": "https://raw.githubusercontent.com/PokeAPI/sprites/master/sprites/pokemon/12.png"
      },
      {
        "abilities": [
          {
            "ability": {
              "name": "intimidate",
              "url": "https://pokeapi.co/api/v2/ability/22/"
            },
            "is_hidden": false,
            "slot": 1
          },
          {
            "ability": {
              "name": "shed-skin",
              "url": "https://pokeapi.co/api/v2/ability/61/"
            },
            "is_hidden": false,
            "slot": 2
          },
          {
            "ability": {
              "name": "unnerve",
              "url": "https://pokeapi.co/api/v2/ability/127/"
            },
            "is_hidden": true,
            "slot": 3
          }
        ],
        "height": 35,
        "id": 24,
        "name": "arbok",
        "type": [
          {
            "slot": 1,
            "type": {
              "name": "poison",
              "url": "https://pokeapi.co/api/v2/type/4/"
            }
          }
        ],
        "weight": 650,
        "image": "https://raw.githubusercontent.com/PokeAPI/sprites/master/sprites/pokemon/24.png"
      },
      {
        "abilities": [
          {
            "ability": {
              "name": "intimidate",
              "url": "https://pokeapi.co/api/v2/ability/22/"
            },
            "is_hidden": false,
            "slot": 1
          },
          {
            "ability": {
              "name": "shed-skin",
              "url": "https://pokeapi.co/api/v2/ability/61/"
            },
            "is_hidden": false,
            "slot": 2
          },
          {
            "ability": {
              "name": "unnerve",
              "url": "https://pokeapi.co/api/v2/ability/127/"
            },
            "is_hidden": true,
            "slot": 3
          }
        ],
        "height": 20,
        "id": 23,
        "name": "ekans",
        "type": [
          {
            "slot": 1,
            "type": {
              "name": "poison",
              "url": "https://pokeapi.co/api/v2/type/4/"
            }
          }
        ],
        "weight": 69,
        "image": "https://raw.githubusercontent.com/PokeAPI/sprites/master/sprites/pokemon/23.png"
      },
      {
        "abilities": [
          {
            "ability": {
              "name": "keen-eye",
              "url": "https://pokeapi.co/api/v2/ability/51/"
            },
            "is_hidden": false,
            "slot": 1
          },
          {
            "ability": {
              "name": "sniper",
              "url": "https://pokeapi.co/api/v2/ability/97/"
            },
            "is_hidden": true,
            "slot": 3
          }
        ],
        "height": 3,
        "id": 21,
        "name": "spearow",
        "type": [
          {
            "slot": 1,
            "type": {
              "name": "normal",
              "url": "https://pokeapi.co/api/v2/type/1/"
            }
          },
          {
            "slot": 2,
            "type": {
              "name": "flying",
              "url": "https://pokeapi.co/api/v2/type/3/"
            }
          }
        ],
        "weight": 20,
        "image": "https://raw.githubusercontent.com/PokeAPI/sprites/master/sprites/pokemon/21.png"
      },
      {
        "abilities": [
          {
            "ability": {
              "name": "keen-eye",
              "url": "https://pokeapi.co/api/v2/ability/51/"
            },
            "is_hidden": false,
            "slot": 1
          },
          {
            "ability": {
              "name": "sniper",
              "url": "https://pokeapi.co/api/v2/ability/97/"
            },
            "is_hidden": true,
            "slot": 3
          }
        ],
        "height": 12,
        "id": 22,
        "name": "fearow",
        "type": [
          {
            "slot": 1,
            "type": {
              "name": "normal",
              "url": "https://pokeapi.co/api/v2/type/1/"
            }
          },
          {
            "slot": 2,
            "type": {
              "name": "flying",
              "url": "https://pokeapi.co/api/v2/type/3/"
            }
          }
        ],
        "weight": 380,
        "image": "https://raw.githubusercontent.com/PokeAPI/sprites/master/sprites/pokemon/22.png"
      },
      {
        "abilities": [
          {
            "ability": {
              "name": "static",
              "url": "https://pokeapi.co/api/v2/ability/9/"
            },
            "is_hidden": false,
            "slot": 1
          },
          {
            "ability": {
              "name": "lightning-rod",
              "url": "https://pokeapi.co/api/v2/ability/31/"
            },
            "is_hidden": true,
            "slot": 3
          }
        ],
        "height": 4,
        "id": 25,
        "name": "pikachu",
        "type": [
          {
            "slot": 1,
            "type": {
              "name": "electric",
              "url": "https://pokeapi.co/api/v2/type/13/"
            }
          }
        ],
        "weight": 60,
        "image": "https://raw.githubusercontent.com/PokeAPI/sprites/master/sprites/pokemon/25.png"
      },
      {
        "abilities": [
          {
            "ability": {
              "name": "static",
              "url": "https://pokeapi.co/api/v2/ability/9/"
            },
            "is_hidden": false,
            "slot": 1
          },
          {
            "ability": {
              "name": "lightning-rod",
              "url": "https://pokeapi.co/api/v2/ability/31/"
            },
            "is_hidden": true,
            "slot": 3
          }
        ],
        "height": 8,
        "id": 26,
        "name": "raichu",
        "type": [
          {
            "slot": 1,
            "type": {
              "name": "electric",
              "url": "https://pokeapi.co/api/v2/type/13/"
            }
          }
        ],
        "weight": 300,
        "image": "https://raw.githubusercontent.com/PokeAPI/sprites/master/sprites/pokemon/26.png"
      },
      {
        "abilities": [
          {
            "ability": {
              "name": "sand-veil",
              "url": "https://pokeapi.co/api/v2/ability/8/"
            },
            "is_hidden": false,
            "slot": 1
          },
          {
            "ability": {
              "name": "sand-rush",
              "url": "https://pokeapi.co/api/v2/ability/146/"
            },
            "is_hidden": true,
            "slot": 3
          }
        ],
        "height": 6,
        "id": 27,
        "name": "sandshrew",
        "type": [
          {
            "slot": 1,
            "type": {
              "name": "ground",
              "url": "https://pokeapi.co/api/v2/type/5/"
            }
          }
        ],
        "weight": 120,
        "image": "https://raw.githubusercontent.com/PokeAPI/sprites/master/sprites/pokemon/27.png"
      },
      {
        "abilities": [
          {
            "ability": {
              "name": "sand-veil",
              "url": "https://pokeapi.co/api/v2/ability/8/"
            },
            "is_hidden": false,
            "slot": 1
          },
          {
            "ability": {
              "name": "sand-rush",
              "url": "https://pokeapi.co/api/v2/ability/146/"
            },
            "is_hidden": true,
            "slot": 3
          }
        ],
        "height": 10,
        "id": 28,
        "name": "sandslash",
        "type": [
          {
            "slot": 1,
            "type": {
              "name": "ground",
              "url": "https://pokeapi.co/api/v2/type/5/"
            }
          }
        ],
        "weight": 295,
        "image": "https://raw.githubusercontent.com/PokeAPI/sprites/master/sprites/pokemon/28.png"
      },
      {
        "abilities": [
          {
            "ability": {
              "name": "cute-charm",
              "url": "https://pokeapi.co/api/v2/ability/56/"
            },
            "is_hidden": false,
            "slot": 1
          },
          {
            "ability": {
              "name": "competitive",
              "url": "https://pokeapi.co/api/v2/ability/172/"
            },
            "is_hidden": false,
            "slot": 2
          },
          {
            "ability": {
              "name": "frisk",
              "url": "https://pokeapi.co/api/v2/ability/119/"
            },
            "is_hidden": true,
            "slot": 3
          }
        ],
        "height": 10,
        "id": 40,
        "name": "wigglytuff",
        "type": [
          {
            "slot": 1,
            "type": {
              "name": "normal",
              "url": "https://pokeapi.co/api/v2/type/1/"
            }
          },
          {
            "slot": 2,
            "type": {
              "name": "fairy",
              "url": "https://pokeapi.co/api/v2/type/18/"
            }
          }
        ],
        "weight": 120,
        "image": "https://raw.githubusercontent.com/PokeAPI/sprites/master/sprites/pokemon/40.png"
      },
      {
        "abilities": [
          {
            "ability": {
              "name": "inner-focus",
              "url": "https://pokeapi.co/api/v2/ability/39/"
            },
            "is_hidden": false,
            "slot": 1
          },
          {
            "ability": {
              "name": "infiltrator",
              "url": "https://pokeapi.co/api/v2/ability/151/"
            },
            "is_hidden": true,
            "slot": 3
          }
        ],
        "height": 8,
        "id": 41,
        "name": "zubat",
        "type": [
          {
            "slot": 1,
            "type": {
              "name": "poison",
              "url": "https://pokeapi.co/api/v2/type/4/"
            }
          },
          {
            "slot": 2,
            "type": {
              "name": "flying",
              "url": "https://pokeapi.co/api/v2/type/3/"
            }
          }
        ],
        "weight": 75,
        "image": "https://raw.githubusercontent.com/PokeAPI/sprites/master/sprites/pokemon/41.png"
      },
      {
        "abilities": [
          {
            "ability": {
              "name": "inner-focus",
              "url": "https://pokeapi.co/api/v2/ability/39/"
            },
            "is_hidden": false,
            "slot": 1
          },
          {
            "ability": {
              "name": "infiltrator",
              "url": "https://pokeapi.co/api/v2/ability/151/"
            },
            "is_hidden": true,
            "slot": 3
          }
        ],
        "height": 16,
        "id": 42,
        "name": "golbat",
        "type": [
          {
            "slot": 1,
            "type": {
              "name": "poison",
              "url": "https://pokeapi.co/api/v2/type/4/"
            }
          },
          {
            "slot": 2,
            "type": {
              "name": "flying",
              "url": "https://pokeapi.co/api/v2/type/3/"
            }
          }
        ],
        "weight": 550,
        "image": "https://raw.githubusercontent.com/PokeAPI/sprites/master/sprites/pokemon/42.png"
      },
      {
        "abilities": [
          {
            "ability": {
              "name": "chlorophyll",
              "url": "https://pokeapi.co/api/v2/ability/34/"
            },
            "is_hidden": false,
            "slot": 1
          },
          {
            "ability": {
              "name": "stench",
              "url": "https://pokeapi.co/api/v2/ability/1/"
            },
            "is_hidden": true,
            "slot": 3
          }
        ],
        "height": 8,
        "id": 44,
        "name": "gloom",
        "type": [
          {
            "slot": 1,
            "type": {
              "name": "grass",
              "url": "https://pokeapi.co/api/v2/type/12/"
            }
          },
          {
            "slot": 2,
            "type": {
              "name": "poison",
              "url": "https://pokeapi.co/api/v2/type/4/"
            }
          }
        ],
        "weight": 86,
        "image": "https://raw.githubusercontent.com/PokeAPI/sprites/master/sprites/pokemon/44.png"
      },
      {
        "abilities": [
          {
            "ability": {
              "name": "chlorophyll",
              "url": "https://pokeapi.co/api/v2/ability/34/"
            },
            "is_hidden": false,
            "slot": 1
          },
          {
            "ability": {
              "name": "run-away",
              "url": "https://pokeapi.co/api/v2/ability/50/"
            },
            "is_hidden": true,
            "slot": 3
          }
        ],
        "height": 5,
        "id": 43,
        "name": "oddish",
        "type": [
          {
            "slot": 1,
            "type": {
              "name": "grass",
              "url": "https://pokeapi.co/api/v2/type/12/"
            }
          },
          {
            "slot": 2,
            "type": {
              "name": "poison",
              "url": "https://pokeapi.co/api/v2/type/4/"
            }
          }
        ],
        "weight": 54,
        "image": "https://raw.githubusercontent.com/PokeAPI/sprites/master/sprites/pokemon/43.png"
      },
      {
        "abilities": [
          {
            "ability": {
              "name": "effect-spore",
              "url": "https://pokeapi.co/api/v2/ability/27/"
            },
            "is_hidden": false,
            "slot": 1
          },
          {
            "ability": {
              "name": "dry-skin",
              "url": "https://pokeapi.co/api/v2/ability/87/"
            },
            "is_hidden": false,
            "slot": 2
          },
          {
            "ability": {
              "name": "damp",
              "url": "https://pokeapi.co/api/v2/ability/6/"
            },
            "is_hidden": true,
            "slot": 3
          }
        ],
        "height": 3,
        "id": 46,
        "name": "paras",
        "type": [
          {
            "slot": 1,
            "type": {
              "name": "bug",
              "url": "https://pokeapi.co/api/v2/type/7/"
            }
          },
          {
            "slot": 2,
            "type": {
              "name": "grass",
              "url": "https://pokeapi.co/api/v2/type/12/"
            }
          }
        ],
        "weight": 54,
        "image": "https://raw.githubusercontent.com/PokeAPI/sprites/master/sprites/pokemon/46.png"
      },
      {
        "abilities": [
          {
            "ability": {
              "name": "chlorophyll",
              "url": "https://pokeapi.co/api/v2/ability/34/"
            },
            "is_hidden": false,
            "slot": 1
          },
          {
            "ability": {
              "name": "effect-spore",
              "url": "https://pokeapi.co/api/v2/ability/27/"
            },
            "is_hidden": true,
            "slot": 3
          }
        ],
        "height": 12,
        "id": 45,
        "name": "vileplume",
        "type": [
          {
            "slot": 1,
            "type": {
              "name": "grass",
              "url": "https://pokeapi.co/api/v2/type/12/"
            }
          },
          {
            "slot": 2,
            "type": {
              "name": "poison",
              "url": "https://pokeapi.co/api/v2/type/4/"
            }
          }
        ],
        "weight": 186,
        "image": "https://raw.githubusercontent.com/PokeAPI/sprites/master/sprites/pokemon/45.png"
      },
      {
        "abilities": [
          {
            "ability": {
              "name": "effect-spore",
              "url": "https://pokeapi.co/api/v2/ability/27/"
            },
            "is_hidden": false,
            "slot": 1
          },
          {
            "ability": {
              "name": "dry-skin",
              "url": "https://pokeapi.co/api/v2/ability/87/"
            },
            "is_hidden": false,
            "slot": 2
          },
          {
            "ability": {
              "name": "damp",
              "url": "https://pokeapi.co/api/v2/ability/6/"
            },
            "is_hidden": true,
            "slot": 3
          }
        ],
        "height": 10,
        "id": 47,
        "name": "parasect",
        "type": [
          {
            "slot": 1,
            "type": {
              "name": "bug",
              "url": "https://pokeapi.co/api/v2/type/7/"
            }
          },
          {
            "slot": 2,
            "type": {
              "name": "grass",
              "url": "https://pokeapi.co/api/v2/type/12/"
            }
          }
        ],
        "weight": 295,
        "image": "https://raw.githubusercontent.com/PokeAPI/sprites/master/sprites/pokemon/47.png"
      },
      {
        "abilities": [
          {
            "ability": {
              "name": "compound-eyes",
              "url": "https://pokeapi.co/api/v2/ability/14/"
            },
            "is_hidden": false,
            "slot": 1
          },
          {
            "ability": {
              "name": "tinted-lens",
              "url": "https://pokeapi.co/api/v2/ability/110/"
            },
            "is_hidden": false,
            "slot": 2
          },
          {
            "ability": {
              "name": "run-away",
              "url": "https://pokeapi.co/api/v2/ability/50/"
            },
            "is_hidden": true,
            "slot": 3
          }
        ],
        "height": 10,
        "id": 48,
        "name": "venonat",
        "type": [
          {
            "slot": 1,
            "type": {
              "name": "bug",
              "url": "https://pokeapi.co/api/v2/type/7/"
            }
          },
          {
            "slot": 2,
            "type": {
              "name": "poison",
              "url": "https://pokeapi.co/api/v2/type/4/"
            }
          }
        ],
        "weight": 300,
        "image": "https://raw.githubusercontent.com/PokeAPI/sprites/master/sprites/pokemon/48.png"
      },
      {
        "abilities": [
          {
            "ability": {
              "name": "shield-dust",
              "url": "https://pokeapi.co/api/v2/ability/19/"
            },
            "is_hidden": false,
            "slot": 1
          },
          {
            "ability": {
              "name": "tinted-lens",
              "url": "https://pokeapi.co/api/v2/ability/110/"
            },
            "is_hidden": false,
            "slot": 2
          },
          {
            "ability": {
              "name": "wonder-skin",
              "url": "https://pokeapi.co/api/v2/ability/147/"
            },
            "is_hidden": true,
            "slot": 3
          }
        ],
        "height": 15,
        "id": 49,
        "name": "venomoth",
        "type": [
          {
            "slot": 1,
            "type": {
              "name": "bug",
              "url": "https://pokeapi.co/api/v2/type/7/"
            }
          },
          {
            "slot": 2,
            "type": {
              "name": "poison",
              "url": "https://pokeapi.co/api/v2/type/4/"
            }
          }
        ],
        "weight": 125,
        "image": "https://raw.githubusercontent.com/PokeAPI/sprites/master/sprites/pokemon/49.png"
      },
      {
        "abilities": [
          {
            "ability": {
              "name": "sand-veil",
              "url": "https://pokeapi.co/api/v2/ability/8/"
            },
            "is_hidden": false,
            "slot": 1
          },
          {
            "ability": {
              "name": "arena-trap",
              "url": "https://pokeapi.co/api/v2/ability/71/"
            },
            "is_hidden": false,
            "slot": 2
          },
          {
            "ability": {
              "name": "sand-force",
              "url": "https://pokeapi.co/api/v2/ability/159/"
            },
            "is_hidden": true,
            "slot": 3
          }
        ],
        "height": 2,
        "id": 50,
        "name": "diglett",
        "type": [
          {
            "slot": 1,
            "type": {
              "name": "ground",
              "url": "https://pokeapi.co/api/v2/type/5/"
            }
          }
        ],
        "weight": 8,
        "image": "https://raw.githubusercontent.com/PokeAPI/sprites/master/sprites/pokemon/50.png"
      },
      {
        "abilities": [
          {
            "ability": {
              "name": "sand-veil",
              "url": "https://pokeapi.co/api/v2/ability/8/"
            },
            "is_hidden": false,
            "slot": 1
          },
          {
            "ability": {
              "name": "arena-trap",
              "url": "https://pokeapi.co/api/v2/ability/71/"
            },
            "is_hidden": false,
            "slot": 2
          },
          {
            "ability": {
              "name": "sand-force",
              "url": "https://pokeapi.co/api/v2/ability/159/"
            },
            "is_hidden": true,
            "slot": 3
          }
        ],
        "height": 7,
        "id": 51,
        "name": "dugtrio",
        "type": [
          {
            "slot": 1,
            "type": {
              "name": "ground",
              "url": "https://pokeapi.co/api/v2/type/5/"
            }
          }
        ],
        "weight": 333,
        "image": "https://raw.githubusercontent.com/PokeAPI/sprites/master/sprites/pokemon/51.png"
      },
      {
        "abilities": [
          {
            "ability": {
              "name": "pickup",
              "url": "https://pokeapi.co/api/v2/ability/53/"
            },
            "is_hidden": false,
            "slot": 1
          },
          {
            "ability": {
              "name": "technician",
              "url": "https://pokeapi.co/api/v2/ability/101/"
            },
            "is_hidden": false,
            "slot": 2
          },
          {
            "ability": {
              "name": "unnerve",
              "url": "https://pokeapi.co/api/v2/ability/127/"
            },
            "is_hidden": true,
            "slot": 3
          }
        ],
        "height": 4,
        "id": 52,
        "name": "meowth",
        "type": [
          {
            "slot": 1,
            "type": {
              "name": "normal",
              "url": "https://pokeapi.co/api/v2/type/1/"
            }
          }
        ],
        "weight": 42,
        "image": "https://raw.githubusercontent.com/PokeAPI/sprites/master/sprites/pokemon/52.png"
      },
      {
        "abilities": [
          {
            "ability": {
              "name": "rock-head",
              "url": "https://pokeapi.co/api/v2/ability/69/"
            },
            "is_hidden": false,
            "slot": 1
          },
          {
            "ability": {
              "name": "sturdy",
              "url": "https://pokeapi.co/api/v2/ability/5/"
            },
            "is_hidden": false,
            "slot": 2
          },
          {
            "ability": {
              "name": "sand-veil",
              "url": "https://pokeapi.co/api/v2/ability/8/"
            },
            "is_hidden": true,
            "slot": 3
          }
        ],
        "height": 4,
        "id": 74,
        "name": "geodude",
        "type": [
          {
            "slot": 1,
            "type": {
              "name": "rock",
              "url": "https://pokeapi.co/api/v2/type/6/"
            }
          },
          {
            "slot": 2,
            "type": {
              "name": "ground",
              "url": "https://pokeapi.co/api/v2/type/5/"
            }
          }
        ],
        "weight": 200,
        "image": "https://raw.githubusercontent.com/PokeAPI/sprites/master/sprites/pokemon/74.png"
      },
      {
        "abilities": [
          {
            "ability": {
              "name": "rock-head",
              "url": "https://pokeapi.co/api/v2/ability/69/"
            },
            "is_hidden": false,
            "slot": 1
          },
          {
            "ability": {
              "name": "sturdy",
              "url": "https://pokeapi.co/api/v2/ability/5/"
            },
            "is_hidden": false,
            "slot": 2
          },
          {
            "ability": {
              "name": "sand-veil",
              "url": "https://pokeapi.co/api/v2/ability/8/"
            },
            "is_hidden": true,
            "slot": 3
          }
        ],
        "height": 10,
        "id": 75,
        "name": "graveler",
        "type": [
          {
            "slot": 1,
            "type": {
              "name": "rock",
              "url": "https://pokeapi.co/api/v2/type/6/"
            }
          },
          {
            "slot": 2,
            "type": {
              "name": "ground",
              "url": "https://pokeapi.co/api/v2/type/5/"
            }
          }
        ],
        "weight": 1050,
        "image": "https://raw.githubusercontent.com/PokeAPI/sprites/master/sprites/pokemon/75.png"
      },
      {
        "abilities": [
          {
            "ability": {
              "name": "rock-head",
              "url": "https://pokeapi.co/api/v2/ability/69/"
            },
            "is_hidden": false,
            "slot": 1
          },
          {
            "ability": {
              "name": "sturdy",
              "url": "https://pokeapi.co/api/v2/ability/5/"
            },
            "is_hidden": false,
            "slot": 2
          },
          {
            "ability": {
              "name": "sand-veil",
              "url": "https://pokeapi.co/api/v2/ability/8/"
            },
            "is_hidden": true,
            "slot": 3
          }
        ],
        "height": 14,
        "id": 76,
        "name": "golem",
        "type": [
          {
            "slot": 1,
            "type": {
              "name": "rock",
              "url": "https://pokeapi.co/api/v2/type/6/"
            }
          },
          {
            "slot": 2,
            "type": {
              "name": "ground",
              "url": "https://pokeapi.co/api/v2/type/5/"
            }
          }
        ],
        "weight": 3000,
        "image": "https://raw.githubusercontent.com/PokeAPI/sprites/master/sprites/pokemon/76.png"
      },
      {
        "abilities": [
          {
            "ability": {
              "name": "run-away",
              "url": "https://pokeapi.co/api/v2/ability/50/"
            },
            "is_hidden": false,
            "slot": 1
          },
          {
            "ability": {
              "name": "flash-fire",
              "url": "https://pokeapi.co/api/v2/ability/18/"
            },
            "is_hidden": false,
            "slot": 2
          },
          {
            "ability": {
              "name": "flame-body",
              "url": "https://pokeapi.co/api/v2/ability/49/"
            },
            "is_hidden": true,
            "slot": 3
          }
        ],
        "height": 10,
        "id": 77,
        "name": "ponyta",
        "type": [
          {
            "slot": 1,
            "type": {
              "name": "fire",
              "url": "https://pokeapi.co/api/v2/type/10/"
            }
          }
        ],
        "weight": 300,
        "image": "https://raw.githubusercontent.com/PokeAPI/sprites/master/sprites/pokemon/77.png"
      },
      {
        "abilities": [
          {
            "ability": {
              "name": "run-away",
              "url": "https://pokeapi.co/api/v2/ability/50/"
            },
            "is_hidden": false,
            "slot": 1
          },
          {
            "ability": {
              "name": "flash-fire",
              "url": "https://pokeapi.co/api/v2/ability/18/"
            },
            "is_hidden": false,
            "slot": 2
          },
          {
            "ability": {
              "name": "flame-body",
              "url": "https://pokeapi.co/api/v2/ability/49/"
            },
            "is_hidden": true,
            "slot": 3
          }
        ],
        "height": 17,
        "id": 78,
        "name": "rapidash",
        "type": [
          {
            "slot": 1,
            "type": {
              "name": "fire",
              "url": "https://pokeapi.co/api/v2/type/10/"
            }
          }
        ],
        "weight": 950,
        "image": "https://raw.githubusercontent.com/PokeAPI/sprites/master/sprites/pokemon/78.png"
      },
      {
        "abilities": [
          {
            "ability": {
              "name": "rock-head",
              "url": "https://pokeapi.co/api/v2/ability/69/"
            },
            "is_hidden": false,
            "slot": 1
          },
          {
            "ability": {
              "name": "sturdy",
              "url": "https://pokeapi.co/api/v2/ability/5/"
            },
            "is_hidden": false,
            "slot": 2
          },
          {
            "ability": {
              "name": "weak-armor",
              "url": "https://pokeapi.co/api/v2/ability/133/"
            },
            "is_hidden": true,
            "slot": 3
          }
        ],
        "height": 88,
        "id": 95,
        "name": "onix",
        "type": [
          {
            "slot": 1,
            "type": {
              "name": "rock",
              "url": "https://pokeapi.co/api/v2/type/6/"
            }
          },
          {
            "slot": 2,
            "type": {
              "name": "ground",
              "url": "https://pokeapi.co/api/v2/type/5/"
            }
          }
        ],
        "weight": 2100,
        "image": "https://raw.githubusercontent.com/PokeAPI/sprites/master/sprites/pokemon/95.png"
      },
      {
        "abilities": [
          {
            "ability": {
              "name": "insomnia",
              "url": "https://pokeapi.co/api/v2/ability/15/"
            },
            "is_hidden": false,
            "slot": 1
          },
          {
            "ability": {
              "name": "forewarn",
              "url": "https://pokeapi.co/api/v2/ability/108/"
            },
            "is_hidden": false,
            "slot": 2
          },
          {
            "ability": {
              "name": "inner-focus",
              "url": "https://pokeapi.co/api/v2/ability/39/"
            },
            "is_hidden": true,
            "slot": 3
          }
        ],
        "height": 10,
        "id": 96,
        "name": "drowzee",
        "type": [
          {
            "slot": 1,
            "type": {
              "name": "psychic",
              "url": "https://pokeapi.co/api/v2/type/14/"
            }
          }
        ],
        "weight": 324,
        "image": "https://raw.githubusercontent.com/PokeAPI/sprites/master/sprites/pokemon/96.png"
      },
      {
        "abilities": [
          {
            "ability": {
              "name": "insomnia",
              "url": "https://pokeapi.co/api/v2/ability/15/"
            },
            "is_hidden": false,
            "slot": 1
          },
          {
            "ability": {
              "name": "forewarn",
              "url": "https://pokeapi.co/api/v2/ability/108/"
            },
            "is_hidden": false,
            "slot": 2
          },
          {
            "ability": {
              "name": "inner-focus",
              "url": "https://pokeapi.co/api/v2/ability/39/"
            },
            "is_hidden": true,
            "slot": 3
          }
        ],
        "height": 16,
        "id": 97,
        "name": "hypno",
        "type": [
          {
            "slot": 1,
            "type": {
              "name": "psychic",
              "url": "https://pokeapi.co/api/v2/type/14/"
            }
          }
        ],
        "weight": 756,
        "image": "https://raw.githubusercontent.com/PokeAPI/sprites/master/sprites/pokemon/97.png"
      },
      {
        "abilities": [
          {
            "ability": {
              "name": "hyper-cutter",
              "url": "https://pokeapi.co/api/v2/ability/52/"
            },
            "is_hidden": false,
            "slot": 1
          },
          {
            "ability": {
              "name": "shell-armor",
              "url": "https://pokeapi.co/api/v2/ability/75/"
            },
            "is_hidden": false,
            "slot": 2
          },
          {
            "ability": {
              "name": "sheer-force",
              "url": "https://pokeapi.co/api/v2/ability/125/"
            },
            "is_hidden": true,
            "slot": 3
          }
        ],
        "height": 4,
        "id": 98,
        "name": "krabby",
        "type": [
          {
            "slot": 1,
            "type": {
              "name": "water",
              "url": "https://pokeapi.co/api/v2/type/11/"
            }
          }
        ],
        "weight": 65,
        "image": "https://raw.githubusercontent.com/PokeAPI/sprites/master/sprites/pokemon/98.png"
      },
      {
        "abilities": [
          {
            "ability": {
              "name": "hyper-cutter",
              "url": "https://pokeapi.co/api/v2/ability/52/"
            },
            "is_hidden": false,
            "slot": 1
          },
          {
            "ability": {
              "name": "shell-armor",
              "url": "https://pokeapi.co/api/v2/ability/75/"
            },
            "is_hidden": false,
            "slot": 2
          },
          {
            "ability": {
              "name": "sheer-force",
              "url": "https://pokeapi.co/api/v2/ability/125/"
            },
            "is_hidden": true,
            "slot": 3
          }
        ],
        "height": 13,
        "id": 99,
        "name": "kingler",
        "type": [
          {
            "slot": 1,
            "type": {
              "name": "water",
              "url": "https://pokeapi.co/api/v2/type/11/"
            }
          }
        ],
        "weight": 600,
        "image": "https://raw.githubusercontent.com/PokeAPI/sprites/master/sprites/pokemon/99.png"
      },
      {
        "abilities": [
          {
            "ability": {
              "name": "soundproof",
              "url": "https://pokeapi.co/api/v2/ability/43/"
            },
            "is_hidden": false,
            "slot": 1
          },
          {
            "ability": {
              "name": "static",
              "url": "https://pokeapi.co/api/v2/ability/9/"
            },
            "is_hidden": false,
            "slot": 2
          },
          {
            "ability": {
              "name": "aftermath",
              "url": "https://pokeapi.co/api/v2/ability/106/"
            },
            "is_hidden": true,
            "slot": 3
          }
        ],
        "height": 5,
        "id": 100,
        "name": "voltorb",
        "type": [
          {
            "slot": 1,
            "type": {
              "name": "electric",
              "url": "https://pokeapi.co/api/v2/type/13/"
            }
          }
        ],
        "weight": 104,
        "image": "https://raw.githubusercontent.com/PokeAPI/sprites/master/sprites/pokemon/100.png"
      }
    ]
  }